no|project_name|project_description|sector|type|ward|amount_applied|year|amount_applied_zmw|source_url|source_document
1|Construction of Wall Fence at Chirundu High School|Construction of Wall Fence at Chirundu High School|Education||Chirundu Central|K580,000.00|2023|580000.0|http://www.chirunducouncil.gov.zm/wp-content/uploads/2025/06/2023-CDF-Proposed-Community-Projects.pdf|057--2023-CDF-Proposed-Community-Projects.pdf
2|Construction of 1x3 CRB at Chirundu High School|Construction of 1x3 CRB at Chirundu High School|Education||Chirundu Central|K485,000.00|2023|485000.0|http://www.chirunducouncil.gov.zm/wp-content/uploads/2025/06/2023-CDF-Proposed-Community-Projects.pdf|057--2023-CDF-Proposed-Community-Projects.pdf
3|Construction of Double Storey CRB at Mandenga School|Construction of Double Storey CRB at Mandenga School|Education||Chirundu Central||2023||http://www.chirunducouncil.gov.zm/wp-content/uploads/2025/06/2023-CDF-Proposed-Community-Projects.pdf|057--2023-CDF-Proposed-Community-Projects.pdf
4|Construction of Clinic at Taala|Construction of Clinic at Taala|Health||Chirundu West|K174,961.00|2023|174961.0|http://www.chirunducouncil.gov.zm/wp-content/uploads/2025/06/2023-CDF-Proposed-Community-Projects.pdf|057--2023-CDF-Proposed-Community-Projects.pdf
5|Construction of 1x3 CRB at Hamunjo Community School|Construction of 1x3 CRB at Hamunjo Community School|Education||Chirundu West|K961,130.37|2023|961130.37|http://www.chirunducouncil.gov.zm/wp-content/uploads/2025/06/2023-CDF-Proposed-Community-Projects.pdf|057--2023-CDF-Proposed-Community-Projects.pdf
6|Construction of 1x3 CRB at Mangaba Primary School|Construction of 1x3 CRB at Mangaba Primary School|Education||Kanyanga|K485,058.73|2023|485058.73|http://www.chirunducouncil.gov.zm/wp-content/uploads/2025/06/2023-CDF-Proposed-Community-Projects.pdf|057--2023-CDF-Proposed-Community-Projects.pdf
7|Construction of 1x3 CRB at Nabbanda Primary School|Construction of 1x3 CRB at Nabbanda Primary School|Education||Kanyanga|K520,000.00|2023|520000.0|http://www.chirunducouncil.gov.zm/wp-content/uploads/2025/06/2023-CDF-Proposed-Community-Projects.pdf|057--2023-CDF-Proposed-Community-Projects.pdf
8|Construction of 1x3 CRB at Jamba Primary School|Construction of 1x3 CRB at Jamba Primary School|Education||Kanyanga|K485,058.73|2023|485058.73|http://www.chirunducouncil.gov.zm/wp-content/uploads/2025/06/2023-CDF-Proposed-Community-Projects.pdf|057--2023-CDF-Proposed-Community-Projects.pdf
9|Construction of 1x3 CRB at Chiwena Community School|Construction of 1x3 CRB at Chiwena Community School|Education||Kapululira|K500,000.00|2023|500000.0|http://www.chirunducouncil.gov.zm/wp-content/uploads/2025/06/2023-CDF-Proposed-Community-Projects.pdf|057--2023-CDF-Proposed-Community-Projects.pdf
10|Construction of 1x3 CRB at Nyanzala Primary School|Construction of 1x3 CRB at Nyanzala Primary School|Education||Kapululira|K500,000.00|2023|500000.0|http://www.chirunducouncil.gov.zm/wp-content/uploads/2025/06/2023-CDF-Proposed-Community-Projects.pdf|057--2023-CDF-Proposed-Community-Projects.pdf
11|Construction of Health Post at Farao|Construction of Health Post at Farao|Health||Kapululira||2023||http://www.chirunducouncil.gov.zm/wp-content/uploads/2025/06/2023-CDF-Proposed-Community-Projects.pdf|057--2023-CDF-Proposed-Community-Projects.pdf
12|Construction of 1x3 CRB at Pambazana Primary School|Construction of 1x3 CRB at Pambazana Primary School|Education||Ngombe Ilede||2023||http://www.chirunducouncil.gov.zm/wp-content/uploads/2025/06/2023-CDF-Proposed-Community-Projects.pdf|057--2023-CDF-Proposed-Community-Projects.pdf
13|Construction of 1x3 CRB at Chisamu Primary School|Construction of 1x3 CRB at Chisamu Primary School|Education||Ngombe Ilede||2023||http://www.chirunducouncil.gov.zm/wp-content/uploads/2025/06/2023-CDF-Proposed-Community-Projects.pdf|057--2023-CDF-Proposed-Community-Projects.pdf
14|Construction of Market Shelter, Ablution Block and Borehole|Construction of Market Shelter, Ablution Block and Borehole|||Mushungu||2023||http://www.chirunducouncil.gov.zm/wp-content/uploads/2025/06/2023-CDF-Proposed-Community-Projects.pdf|057--2023-CDF-Proposed-Community-Projects.pdf
15|Construction of 1x3 CRB at Siabulembo Community School|Construction of 1x3 CRB at Siabulembo Community School|Education||Mushungu|K50,000.00|2023|50000.0|http://www.chirunducouncil.gov.zm/wp-content/uploads/2025/06/2023-CDF-Proposed-Community-Projects.pdf|057--2023-CDF-Proposed-Community-Projects.pdf
16|Construction of 1x4 CRB at Mushungu Secondary School|Construction of 1x4 CRB at Mushungu Secondary School|Education||Mushungu|K1,065,300.37|2023|1065300.37|http://www.chirunducouncil.gov.zm/wp-content/uploads/2025/06/2023-CDF-Proposed-Community-Projects.pdf|057--2023-CDF-Proposed-Community-Projects.pdf
17|Construction of 1x3 CRB at Hambuto Community School|Construction of 1x3 CRB at Hambuto Community School|Education||Ibbwemunyama|K455,058.73|2023|455058.73|http://www.chirunducouncil.gov.zm/wp-content/uploads/2025/06/2023-CDF-Proposed-Community-Projects.pdf|057--2023-CDF-Proposed-Community-Projects.pdf
18|Construction of 1x3 CRB at Maunga Primary School|Construction of 1x3 CRB at Maunga Primary School|Education||Ibbwemunyama|K150,000.00|2023|150000.0|http://www.chirunducouncil.gov.zm/wp-content/uploads/2025/06/2023-CDF-Proposed-Community-Projects.pdf|057--2023-CDF-Proposed-Community-Projects.pdf
19|Construction of Maternity Ward, Mothers Shelter and Borehole at Hachipilika RHC|Construction of Maternity Ward, Mothers Shelter and Borehole at Hachipilika RHC|Health||Ibbwemunyama|K250,000.00|2023|250000.0|http://www.chirunducouncil.gov.zm/wp-content/uploads/2025/06/2023-CDF-Proposed-Community-Projects.pdf|057--2023-CDF-Proposed-Community-Projects.pdf
20|Construction of Cooperative Shed in Mweemba Village|Construction of Cooperative Shed in Mweemba Village|Agriculture||Ibbwemunyama|K300,000.00|2023|300000.0|http://www.chirunducouncil.gov.zm/wp-content/uploads/2025/06/2023-CDF-Proposed-Community-Projects.pdf|057--2023-CDF-Proposed-Community-Projects.pdf
21|Construction of Staff House and Borehole at Ibbwemunyama RHC|Construction of Staff House and Borehole at Ibbwemunyama RHC|Health||Ibbwemunyama|K300,000.00|2023|300000.0|http://www.chirunducouncil.gov.zm/wp-content/uploads/2025/06/2023-CDF-Proposed-Community-Projects.pdf|057--2023-CDF-Proposed-Community-Projects.pdf
22|Construction of Staff House and Borehole at Velu Health Post|Construction of Staff House and Borehole at Velu Health Post|Health||Nkanddabbwe|K1,211,834.95|2023|1211834.95|http://www.chirunducouncil.gov.zm/wp-content/uploads/2025/06/2023-CDF-Proposed-Community-Projects.pdf|057--2023-CDF-Proposed-Community-Projects.pdf
23|Construction of Community Hall in Mateounga|Construction of Community Hall in Mateounga|||Nkanddabbwe|K153,000.00|2023|153000.0|http://www.chirunducouncil.gov.zm/wp-content/uploads/2025/06/2023-CDF-Proposed-Community-Projects.pdf|057--2023-CDF-Proposed-Community-Projects.pdf
24|Drilling and Installation of Two Boreholes in Hachibbuba|Drilling and Installation of Two Boreholes in Hachibbuba|Water||Sikoongo||2023||http://www.chirunducouncil.gov.zm/wp-content/uploads/2025/06/2023-CDF-Proposed-Community-Projects.pdf|057--2023-CDF-Proposed-Community-Projects.pdf
25|Drilling and Installation of Two Boreholes at T-Junction Monument|Drilling and Installation of Two Boreholes at T-Junction Monument|Water||Sikoongo|K38,000.00|2023|38000.0|http://www.chirunducouncil.gov.zm/wp-content/uploads/2025/06/2023-CDF-Proposed-Community-Projects.pdf|057--2023-CDF-Proposed-Community-Projects.pdf
26|Construction of Dam in Sikoongo Village|Construction of Dam in Sikoongo Village|Water||Sikoongo||2023||http://www.chirunducouncil.gov.zm/wp-content/uploads/2025/06/2023-CDF-Proposed-Community-Projects.pdf|057--2023-CDF-Proposed-Community-Projects.pdf
27|Construction of 1x3 CRB at Chilindi Primary School|Construction of 1x3 CRB at Chilindi Primary School|Education||Njame|K492,678.87|2023|492678.87|http://www.chirunducouncil.gov.zm/wp-content/uploads/2025/06/2023-CDF-Proposed-Community-Projects.pdf|057--2023-CDF-Proposed-Community-Projects.pdf
28|Construction of Two Staff Houses at Lumbembe Health Post|Construction of Two Staff Houses at Lumbembe Health Post|Health||Njame|K712,915.50|2023|712915.5|http://www.chirunducouncil.gov.zm/wp-content/uploads/2025/06/2023-CDF-Proposed-Community-Projects.pdf|057--2023-CDF-Proposed-Community-Projects.pdf
29|Construction of Two Staff Houses at Machavika Primary School|Construction of Two Staff Houses at Machavika Primary School|Education||Njame|K431,000.00|2023|431000.0|http://www.chirunducouncil.gov.zm/wp-content/uploads/2025/06/2023-CDF-Proposed-Community-Projects.pdf|057--2023-CDF-Proposed-Community-Projects.pdf
30|Construction of 1x3 CRB at Munenga Community School|Construction of 1x3 CRB at Munenga Community School|Education||Lusitu||2023||http://www.chirunducouncil.gov.zm/wp-content/uploads/2025/06/2023-CDF-Proposed-Community-Projects.pdf|057--2023-CDF-Proposed-Community-Projects.pdf
31|Construction of 1x3 CRB at Namunyonje Community School|Construction of 1x3 CRB at Namunyonje Community School|Education||Lusitu||2023||http://www.chirunducouncil.gov.zm/wp-content/uploads/2025/06/2023-CDF-Proposed-Community-Projects.pdf|057--2023-CDF-Proposed-Community-Projects.pdf
32|Construction of Community Hall in Lusitu|Construction of Community Hall in Lusitu|||Lusitu||2023||http://www.chirunducouncil.gov.zm/wp-content/uploads/2025/06/2023-CDF-Proposed-Community-Projects.pdf|057--2023-CDF-Proposed-Community-Projects.pdf
33|Construction of 1x3 CRB, One Staff House and Toilets at Katwezele Community School|Construction of 1x3 CRB, One Staff House and Toilets at Katwezele Community School|Education||Musaya|K1,283,300.00|2023|1283300.0|http://www.chirunducouncil.gov.zm/wp-content/uploads/2025/06/2023-CDF-Proposed-Community-Projects.pdf|057--2023-CDF-Proposed-Community-Projects.pdf
34|Construction of Staff House at Zalaunga Health Post|Construction of Staff House at Zalaunga Health Post|Health||Musaya|K120,000.00|2023|120000.0|http://www.chirunducouncil.gov.zm/wp-content/uploads/2025/06/2023-CDF-Proposed-Community-Projects.pdf|057--2023-CDF-Proposed-Community-Projects.pdf
35|Construction of Two Staff Houses at Syangweemu Primary School|Construction of Two Staff Houses at Syangweemu Primary School|Education||Musaya|K350,000.00|2023|350000.0|http://www.chirunducouncil.gov.zm/wp-content/uploads/2025/06/2023-CDF-Proposed-Community-Projects.pdf|057--2023-CDF-Proposed-Community-Projects.pdf
