year|category|revenue_code|revenue_description|amount_zmw|source_url|source_page|notes
2022|Local taxes/rates|001|Residential|126064.0|http://www.chirunducouncil.gov.zm/wp-content/uploads/2024/11/Chirundu-Town-Council-OBB-Budget-2022-Final.pdf|2|
2022|Local taxes/rates|002|Industrial/Commercial|448443.0|http://www.chirunducouncil.gov.zm/wp-content/uploads/2024/11/Chirundu-Town-Council-OBB-Budget-2022-Final.pdf|2|
2022|Local taxes/rates|003|Mining/Plant|18670.0|http://www.chirunducouncil.gov.zm/wp-content/uploads/2024/11/Chirundu-Town-Council-OBB-Budget-2022-Final.pdf|2|
2022|Local taxes/rates|001|Personal levy|35340.0|http://www.chirunducouncil.gov.zm/wp-content/uploads/2024/11/Chirundu-Town-Council-OBB-Budget-2022-Final.pdf|2|
2022|Fees and Charges|001|Consent fees|6000.0|http://www.chirunducouncil.gov.zm/wp-content/uploads/2024/11/Chirundu-Town-Council-OBB-Budget-2022-Final.pdf|2|
2022|Fees and Charges|002|Survey fees|370000.0|http://www.chirunducouncil.gov.zm/wp-content/uploads/2024/11/Chirundu-Town-Council-OBB-Budget-2022-Final.pdf|2|
2022|Fees and Charges|003|Building inspection-fees|30000.0|http://www.chirunducouncil.gov.zm/wp-content/uploads/2024/11/Chirundu-Town-Council-OBB-Budget-2022-Final.pdf|2|
2022|Fees and Charges|004|Plan scrutiny fee|96381.0|http://www.chirunducouncil.gov.zm/wp-content/uploads/2024/11/Chirundu-Town-Council-OBB-Budget-2022-Final.pdf|2|
2022|Fees and Charges|005|Change of premise use|45000.0|http://www.chirunducouncil.gov.zm/wp-content/uploads/2024/11/Chirundu-Town-Council-OBB-Budget-2022-Final.pdf|2|
2022|Fees and Charges|006|Container/Ntemba fees|1400.0|http://www.chirunducouncil.gov.zm/wp-content/uploads/2024/11/Chirundu-Town-Council-OBB-Budget-2022-Final.pdf|2|
2022|Fees and Charges|007|Rentals/lease of Council’s properties|30000.0|http://www.chirunducouncil.gov.zm/wp-content/uploads/2024/11/Chirundu-Town-Council-OBB-Budget-2022-Final.pdf|2|
2022|Fees and Charges|008|Application forms fees|234000.0|http://www.chirunducouncil.gov.zm/wp-content/uploads/2024/11/Chirundu-Town-Council-OBB-Budget-2022-Final.pdf|2|
2022|Fees and Charges|011|Search fees|2500.0|http://www.chirunducouncil.gov.zm/wp-content/uploads/2024/11/Chirundu-Town-Council-OBB-Budget-2022-Final.pdf|2|
2022|Fees and Charges|012|Notice board advert fees|100.0|http://www.chirunducouncil.gov.zm/wp-content/uploads/2024/11/Chirundu-Town-Council-OBB-Budget-2022-Final.pdf|2|
2022|Fees and Charges|013|Market fees|80000.0|http://www.chirunducouncil.gov.zm/wp-content/uploads/2024/11/Chirundu-Town-Council-OBB-Budget-2022-Final.pdf|2|
2022|Fees and Charges|014|Parking fees|6425000.0|http://www.chirunducouncil.gov.zm/wp-content/uploads/2024/11/Chirundu-Town-Council-OBB-Budget-2022-Final.pdf|2|
2022|Fees and Charges|016|Bus station fees|100000.0|http://www.chirunducouncil.gov.zm/wp-content/uploads/2024/11/Chirundu-Town-Council-OBB-Budget-2022-Final.pdf|2|
2022|Fees and Charges|017|Affidavit fees|20000.0|http://www.chirunducouncil.gov.zm/wp-content/uploads/2024/11/Chirundu-Town-Council-OBB-Budget-2022-Final.pdf|2|
2022|Fees and Charges|020|Hire of halls|1200.0|http://www.chirunducouncil.gov.zm/wp-content/uploads/2024/11/Chirundu-Town-Council-OBB-Budget-2022-Final.pdf|2|
2022|Fees and Charges|030|Course fees|7500.0|http://www.chirunducouncil.gov.zm/wp-content/uploads/2024/11/Chirundu-Town-Council-OBB-Budget-2022-Final.pdf|2|
2022|Fees and Charges|032|Vacuum tanker service|4000.0|http://www.chirunducouncil.gov.zm/wp-content/uploads/2024/11/Chirundu-Town-Council-OBB-Budget-2022-Final.pdf|2|
2022|Fees and Charges|033|Refuse disposal|405200.0|http://www.chirunducouncil.gov.zm/wp-content/uploads/2024/11/Chirundu-Town-Council-OBB-Budget-2022-Final.pdf|2|
2022|Fees and Charges|035|Exhibitions for commercial & non-commercial|4200.0|http://www.chirunducouncil.gov.zm/wp-content/uploads/2024/11/Chirundu-Town-Council-OBB-Budget-2022-Final.pdf|2|
2022|Fees and Charges|045|Notice of marriage fees|18500.0|http://www.chirunducouncil.gov.zm/wp-content/uploads/2024/11/Chirundu-Town-Council-OBB-Budget-2022-Final.pdf|2|
2022|Fees and Charges|046|Abattoir/meat inspection fees|2500.0|http://www.chirunducouncil.gov.zm/wp-content/uploads/2024/11/Chirundu-Town-Council-OBB-Budget-2022-Final.pdf|2|
2022|Fees and Charges|047|Registration of clubs and societies|10000.0|http://www.chirunducouncil.gov.zm/wp-content/uploads/2024/11/Chirundu-Town-Council-OBB-Budget-2022-Final.pdf|2|
2022|Fees and Charges|053|Communication mast levy|24500.0|http://www.chirunducouncil.gov.zm/wp-content/uploads/2024/11/Chirundu-Town-Council-OBB-Budget-2022-Final.pdf|2|
2022|Fees and Charges|054|Ilegal Parking of vehicles|30000.0|http://www.chirunducouncil.gov.zm/wp-content/uploads/2024/11/Chirundu-Town-Council-OBB-Budget-2022-Final.pdf|2|
2022|Fees and Charges|057|Land record|423000.0|http://www.chirunducouncil.gov.zm/wp-content/uploads/2024/11/Chirundu-Town-Council-OBB-Budget-2022-Final.pdf|2|
2022|Fees and Charges|061|Billboards and banners|57500.0|http://www.chirunducouncil.gov.zm/wp-content/uploads/2024/11/Chirundu-Town-Council-OBB-Budget-2022-Final.pdf|2|
2022|Fees and Charges|062|Lease of council transport|831750.0|http://www.chirunducouncil.gov.zm/wp-content/uploads/2024/11/Chirundu-Town-Council-OBB-Budget-2022-Final.pdf|2|
2022|Fees and Charges|063|Ilegal vending fees|38000.0|http://www.chirunducouncil.gov.zm/wp-content/uploads/2024/11/Chirundu-Town-Council-OBB-Budget-2022-Final.pdf|2|
2022|Fees and Charges|099|Other fees and charges|209225.0|http://www.chirunducouncil.gov.zm/wp-content/uploads/2024/11/Chirundu-Town-Council-OBB-Budget-2022-Final.pdf|2|
2022|Licenses|001|Liquor licence|99000.0|http://www.chirunducouncil.gov.zm/wp-content/uploads/2024/11/Chirundu-Town-Council-OBB-Budget-2022-Final.pdf|3|
2022|Licenses|002|Firearm and ammunition licence|22500.0|http://www.chirunducouncil.gov.zm/wp-content/uploads/2024/11/Chirundu-Town-Council-OBB-Budget-2022-Final.pdf|3|
2022|Licenses|003|Dog licence|4000.0|http://www.chirunducouncil.gov.zm/wp-content/uploads/2024/11/Chirundu-Town-Council-OBB-Budget-2022-Final.pdf|3|
2022|Licenses|061|Restaurant licence|50000.0|http://www.chirunducouncil.gov.zm/wp-content/uploads/2024/11/Chirundu-Town-Council-OBB-Budget-2022-Final.pdf|3|
2022|Licenses|099|Other licences|17000.0|http://www.chirunducouncil.gov.zm/wp-content/uploads/2024/11/Chirundu-Town-Council-OBB-Budget-2022-Final.pdf|3|
2022|Levies|001|Livestock levy|40000.0|http://www.chirunducouncil.gov.zm/wp-content/uploads/2024/11/Chirundu-Town-Council-OBB-Budget-2022-Final.pdf|3|
2022|Levies|002|Birds levy|1500.0|http://www.chirunducouncil.gov.zm/wp-content/uploads/2024/11/Chirundu-Town-Council-OBB-Budget-2022-Final.pdf|3|
2022|Levies|003|Fish levy|8000.0|http://www.chirunducouncil.gov.zm/wp-content/uploads/2024/11/Chirundu-Town-Council-OBB-Budget-2022-Final.pdf|3|
2022|Levies|004|Pole levy|5400.0|http://www.chirunducouncil.gov.zm/wp-content/uploads/2024/11/Chirundu-Town-Council-OBB-Budget-2022-Final.pdf|3|
2022|Levies|005|Charcoal levy|24000.0|http://www.chirunducouncil.gov.zm/wp-content/uploads/2024/11/Chirundu-Town-Council-OBB-Budget-2022-Final.pdf|3|
2022|Levies|006|Sand levy|25000.0|http://www.chirunducouncil.gov.zm/wp-content/uploads/2024/11/Chirundu-Town-Council-OBB-Budget-2022-Final.pdf|3|
2022|Levies|099|Miscellaneous levies|20000.0|http://www.chirunducouncil.gov.zm/wp-content/uploads/2024/11/Chirundu-Town-Council-OBB-Budget-2022-Final.pdf|3|
2022|Permits|001|Health permits|405000.0|http://www.chirunducouncil.gov.zm/wp-content/uploads/2024/11/Chirundu-Town-Council-OBB-Budget-2022-Final.pdf|3|
2022|Permits|003|Herbalist permit|3000.0|http://www.chirunducouncil.gov.zm/wp-content/uploads/2024/11/Chirundu-Town-Council-OBB-Budget-2022-Final.pdf|3|
2022|Permits|006|Transportation of opaque beer|18000.0|http://www.chirunducouncil.gov.zm/wp-content/uploads/2024/11/Chirundu-Town-Council-OBB-Budget-2022-Final.pdf|3|
2022|Permits|008|Burial permits and grave sites|261000.0|http://www.chirunducouncil.gov.zm/wp-content/uploads/2024/11/Chirundu-Town-Council-OBB-Budget-2022-Final.pdf|3|
2022|Permits|009|Fire certificate|161900.0|http://www.chirunducouncil.gov.zm/wp-content/uploads/2024/11/Chirundu-Town-Council-OBB-Budget-2022-Final.pdf|3|
2022|Permits|010|Extension of business hours permits|72000.0|http://www.chirunducouncil.gov.zm/wp-content/uploads/2024/11/Chirundu-Town-Council-OBB-Budget-2022-Final.pdf|3|
2022|Permits|011|Public permits (social gatherings, etc.)|6250.0|http://www.chirunducouncil.gov.zm/wp-content/uploads/2024/11/Chirundu-Town-Council-OBB-Budget-2022-Final.pdf|3|
2022|Permits|099|Other permits|617100.0|http://www.chirunducouncil.gov.zm/wp-content/uploads/2024/11/Chirundu-Town-Council-OBB-Budget-2022-Final.pdf|3|
2022|Charges|001|Service Charges – Residential plots|825000.0|http://www.chirunducouncil.gov.zm/wp-content/uploads/2024/11/Chirundu-Town-Council-OBB-Budget-2022-Final.pdf|3|
2022|Charges|002|Service Charges – Industrial plots|950000.0|http://www.chirunducouncil.gov.zm/wp-content/uploads/2024/11/Chirundu-Town-Council-OBB-Budget-2022-Final.pdf|3|
2022|Charges|006|Lease Charges|590000.0|http://www.chirunducouncil.gov.zm/wp-content/uploads/2024/11/Chirundu-Town-Council-OBB-Budget-2022-Final.pdf|3|
2022|Charges|099|Other charges|178750.0|http://www.chirunducouncil.gov.zm/wp-content/uploads/2024/11/Chirundu-Town-Council-OBB-Budget-2022-Final.pdf|3|
2022|Other Incomes|099|Other income|369715.0|http://www.chirunducouncil.gov.zm/wp-content/uploads/2024/11/Chirundu-Town-Council-OBB-Budget-2022-Final.pdf|3|
2022|National Support (Grants)|002|Restructuring Grant|7392716.0|http://www.chirunducouncil.gov.zm/wp-content/uploads/2024/11/Chirundu-Town-Council-OBB-Budget-2022-Final.pdf|4|
2022|National Support (Grants)|003|Recurrent Grant|100000.0|http://www.chirunducouncil.gov.zm/wp-content/uploads/2024/11/Chirundu-Town-Council-OBB-Budget-2022-Final.pdf|4|
2022|National Support (Grants)|004|Capital Grant|1848179.0|http://www.chirunducouncil.gov.zm/wp-content/uploads/2024/11/Chirundu-Town-Council-OBB-Budget-2022-Final.pdf|4|
2022|National Support (Grants)|007|Special Grants|80000.0|http://www.chirunducouncil.gov.zm/wp-content/uploads/2024/11/Chirundu-Town-Council-OBB-Budget-2022-Final.pdf|4|
2022|Local Development Fund|001|Constituency Development Fund|25700000.0|http://www.chirunducouncil.gov.zm/wp-content/uploads/2024/11/Chirundu-Town-Council-OBB-Budget-2022-Final.pdf|4|
2023|Local taxes/rates|001|Residential|126064.0|http://www.chirunducouncil.gov.zm/wp-content/uploads/2024/11/Chirundu-Town-Council-OBB-Budget-2023-Final.pdf|3|
2023|Local taxes/rates|002|Industrial/Commercial|324666.0|http://www.chirunducouncil.gov.zm/wp-content/uploads/2024/11/Chirundu-Town-Council-OBB-Budget-2023-Final.pdf|3|
2023|Local taxes/rates|001|Personal levy|34350.0|http://www.chirunducouncil.gov.zm/wp-content/uploads/2024/11/Chirundu-Town-Council-OBB-Budget-2023-Final.pdf|3|
2023|Fees and Charges|001|Consent fees|132000.0|http://www.chirunducouncil.gov.zm/wp-content/uploads/2024/11/Chirundu-Town-Council-OBB-Budget-2023-Final.pdf|3|
2023|Fees and Charges|002|Survey fees|300000.0|http://www.chirunducouncil.gov.zm/wp-content/uploads/2024/11/Chirundu-Town-Council-OBB-Budget-2023-Final.pdf|3|
2023|Fees and Charges|003|Building inspection-fees|40000.0|http://www.chirunducouncil.gov.zm/wp-content/uploads/2024/11/Chirundu-Town-Council-OBB-Budget-2023-Final.pdf|3|
2023|Fees and Charges|004|Plan scrutiny fee|73644.0|http://www.chirunducouncil.gov.zm/wp-content/uploads/2024/11/Chirundu-Town-Council-OBB-Budget-2023-Final.pdf|3|
2023|Fees and Charges|005|Change of premise use|7500.0|http://www.chirunducouncil.gov.zm/wp-content/uploads/2024/11/Chirundu-Town-Council-OBB-Budget-2023-Final.pdf|3|
2023|Fees and Charges|006|Container/Ntemba fees|174000.0|http://www.chirunducouncil.gov.zm/wp-content/uploads/2024/11/Chirundu-Town-Council-OBB-Budget-2023-Final.pdf|3|
2023|Fees and Charges|008|Application forms fees|60000.0|http://www.chirunducouncil.gov.zm/wp-content/uploads/2024/11/Chirundu-Town-Council-OBB-Budget-2023-Final.pdf|3|
2023|Fees and Charges|012|Notice board advert fees|2200.0|http://www.chirunducouncil.gov.zm/wp-content/uploads/2024/11/Chirundu-Town-Council-OBB-Budget-2023-Final.pdf|3|
2023|Fees and Charges|013|Market fees|90000.0|http://www.chirunducouncil.gov.zm/wp-content/uploads/2024/11/Chirundu-Town-Council-OBB-Budget-2023-Final.pdf|3|
2023|Fees and Charges|014|Parking fees|8475000.0|http://www.chirunducouncil.gov.zm/wp-content/uploads/2024/11/Chirundu-Town-Council-OBB-Budget-2023-Final.pdf|3|
2023|Fees and Charges|016|Bus station fees|31500.0|http://www.chirunducouncil.gov.zm/wp-content/uploads/2024/11/Chirundu-Town-Council-OBB-Budget-2023-Final.pdf|3|
2023|Fees and Charges|017|Affidavit fees|20000.0|http://www.chirunducouncil.gov.zm/wp-content/uploads/2024/11/Chirundu-Town-Council-OBB-Budget-2023-Final.pdf|3|
2023|Fees and Charges|020|Hire of halls|1200.0|http://www.chirunducouncil.gov.zm/wp-content/uploads/2024/11/Chirundu-Town-Council-OBB-Budget-2023-Final.pdf|3|
2023|Fees and Charges|030|Course fees|3500.0|http://www.chirunducouncil.gov.zm/wp-content/uploads/2024/11/Chirundu-Town-Council-OBB-Budget-2023-Final.pdf|3|
2023|Fees and Charges|033|Refuse disposal|446000.0|http://www.chirunducouncil.gov.zm/wp-content/uploads/2024/11/Chirundu-Town-Council-OBB-Budget-2023-Final.pdf|3|
2023|Fees and Charges|045|Notice of marriage fees|18500.0|http://www.chirunducouncil.gov.zm/wp-content/uploads/2024/11/Chirundu-Town-Council-OBB-Budget-2023-Final.pdf|3|
2023|Fees and Charges|047|Registration of clubs and societies|40000.0|http://www.chirunducouncil.gov.zm/wp-content/uploads/2024/11/Chirundu-Town-Council-OBB-Budget-2023-Final.pdf|3|
2023|Fees and Charges|053|Communication mast levy|24500.0|http://www.chirunducouncil.gov.zm/wp-content/uploads/2024/11/Chirundu-Town-Council-OBB-Budget-2023-Final.pdf|3|
2023|Fees and Charges|054|Ilegal Parking of vehicles|27500.0|http://www.chirunducouncil.gov.zm/wp-content/uploads/2024/11/Chirundu-Town-Council-OBB-Budget-2023-Final.pdf|3|
2023|Fees and Charges|057|Land record|15000.0|http://www.chirunducouncil.gov.zm/wp-content/uploads/2024/11/Chirundu-Town-Council-OBB-Budget-2023-Final.pdf|3|
2023|Fees and Charges|061|Billboards and banners|96700.0|http://www.chirunducouncil.gov.zm/wp-content/uploads/2024/11/Chirundu-Town-Council-OBB-Budget-2023-Final.pdf|3|
2023|Fees and Charges|062|Lease of council transport|776000.0|http://www.chirunducouncil.gov.zm/wp-content/uploads/2024/11/Chirundu-Town-Council-OBB-Budget-2023-Final.pdf|3|
2023|Fees and Charges|064|Penalties|128000.0|http://www.chirunducouncil.gov.zm/wp-content/uploads/2024/11/Chirundu-Town-Council-OBB-Budget-2023-Final.pdf|3|
2023|Fees and Charges|099|Other fees and charges|86960.0|http://www.chirunducouncil.gov.zm/wp-content/uploads/2024/11/Chirundu-Town-Council-OBB-Budget-2023-Final.pdf|3|
2023|Licenses|001|Liquor licence|143550.0|http://www.chirunducouncil.gov.zm/wp-content/uploads/2024/11/Chirundu-Town-Council-OBB-Budget-2023-Final.pdf|3|
2023|Licenses|002|Firearm and ammunition licence|18750.0|http://www.chirunducouncil.gov.zm/wp-content/uploads/2024/11/Chirundu-Town-Council-OBB-Budget-2023-Final.pdf|3|
2023|Licenses|003|Dog licence|10000.0|http://www.chirunducouncil.gov.zm/wp-content/uploads/2024/11/Chirundu-Town-Council-OBB-Budget-2023-Final.pdf|3|
2023|Licenses|055|Ocupancy licence|11250.0|http://www.chirunducouncil.gov.zm/wp-content/uploads/2024/11/Chirundu-Town-Council-OBB-Budget-2023-Final.pdf|3|
2023|Licenses|099|Other licences|140000.0|http://www.chirunducouncil.gov.zm/wp-content/uploads/2024/11/Chirundu-Town-Council-OBB-Budget-2023-Final.pdf|3|
2023|Levies|001|Livestock levy|31000.0|http://www.chirunducouncil.gov.zm/wp-content/uploads/2024/11/Chirundu-Town-Council-OBB-Budget-2023-Final.pdf|4|
2023|Levies|002|Birds levy|1500.0|http://www.chirunducouncil.gov.zm/wp-content/uploads/2024/11/Chirundu-Town-Council-OBB-Budget-2023-Final.pdf|4|
2023|Levies|003|Fish levy|6000.0|http://www.chirunducouncil.gov.zm/wp-content/uploads/2024/11/Chirundu-Town-Council-OBB-Budget-2023-Final.pdf|4|
2023|Levies|004|Pole levy|450.0|http://www.chirunducouncil.gov.zm/wp-content/uploads/2024/11/Chirundu-Town-Council-OBB-Budget-2023-Final.pdf|4|
2023|Levies|005|Charcoal levy|28800.0|http://www.chirunducouncil.gov.zm/wp-content/uploads/2024/11/Chirundu-Town-Council-OBB-Budget-2023-Final.pdf|4|
2023|Levies|006|Sand levy|44000.0|http://www.chirunducouncil.gov.zm/wp-content/uploads/2024/11/Chirundu-Town-Council-OBB-Budget-2023-Final.pdf|4|
2023|Levies|099|Miscellaneous levies|30000.0|http://www.chirunducouncil.gov.zm/wp-content/uploads/2024/11/Chirundu-Town-Council-OBB-Budget-2023-Final.pdf|4|
2023|Permits|001|Health permits|300000.0|http://www.chirunducouncil.gov.zm/wp-content/uploads/2024/11/Chirundu-Town-Council-OBB-Budget-2023-Final.pdf|4|
2023|Permits|003|Herbalist permit|1000.0|http://www.chirunducouncil.gov.zm/wp-content/uploads/2024/11/Chirundu-Town-Council-OBB-Budget-2023-Final.pdf|4|
2023|Permits|006|Transportation of opaque beer|12000.0|http://www.chirunducouncil.gov.zm/wp-content/uploads/2024/11/Chirundu-Town-Council-OBB-Budget-2023-Final.pdf|4|
2023|Permits|007|Nursery , pre school permits|31550.0|http://www.chirunducouncil.gov.zm/wp-content/uploads/2024/11/Chirundu-Town-Council-OBB-Budget-2023-Final.pdf|4|
2023|Permits|008|Burial permits and grave sites|1000.0|http://www.chirunducouncil.gov.zm/wp-content/uploads/2024/11/Chirundu-Town-Council-OBB-Budget-2023-Final.pdf|4|
2023|Permits|009|Fire certificate|355400.0|http://www.chirunducouncil.gov.zm/wp-content/uploads/2024/11/Chirundu-Town-Council-OBB-Budget-2023-Final.pdf|4|
2023|Permits|010|Extension of business hours permits|72000.0|http://www.chirunducouncil.gov.zm/wp-content/uploads/2024/11/Chirundu-Town-Council-OBB-Budget-2023-Final.pdf|4|
2023|Permits|011|Public permits (social gatherings, etc.)|6250.0|http://www.chirunducouncil.gov.zm/wp-content/uploads/2024/11/Chirundu-Town-Council-OBB-Budget-2023-Final.pdf|4|
2023|Permits|099|Other permits|1141100.0|http://www.chirunducouncil.gov.zm/wp-content/uploads/2024/11/Chirundu-Town-Council-OBB-Budget-2023-Final.pdf|4|
2023|Charges|001|Service Charges – Residential plots|950000.0|http://www.chirunducouncil.gov.zm/wp-content/uploads/2024/11/Chirundu-Town-Council-OBB-Budget-2023-Final.pdf|4|
2023|Charges|002|Service Charges – Industrial plots|100000.0|http://www.chirunducouncil.gov.zm/wp-content/uploads/2024/11/Chirundu-Town-Council-OBB-Budget-2023-Final.pdf|4|
2023|Other Incomes|099|Other income|204686.0|http://www.chirunducouncil.gov.zm/wp-content/uploads/2024/11/Chirundu-Town-Council-OBB-Budget-2023-Final.pdf|4|
2023|National Support (Grants)|001|Grant in lieu or Rates|150000.0|http://www.chirunducouncil.gov.zm/wp-content/uploads/2024/11/Chirundu-Town-Council-OBB-Budget-2023-Final.pdf|4|
2023|National Support (Grants)|002|Restructuring Grant|7536556.0|http://www.chirunducouncil.gov.zm/wp-content/uploads/2024/11/Chirundu-Town-Council-OBB-Budget-2023-Final.pdf|4|
2023|National Support (Grants)|004|Capital Grant|1884139.0|http://www.chirunducouncil.gov.zm/wp-content/uploads/2024/11/Chirundu-Town-Council-OBB-Budget-2023-Final.pdf|4|
2023|Local Development Fund|001|Constituency Development Fund|28300000.0|http://www.chirunducouncil.gov.zm/wp-content/uploads/2024/11/Chirundu-Town-Council-OBB-Budget-2023-Final.pdf|5|
2025|Local taxes/rates|001|Residential|202069.0|http://www.chirunducouncil.gov.zm/wp-content/uploads/2025/11/Chirundu-2025-OBB-Annual-Budget-Final-K103.9-million...pdf|3|
2025|Local taxes/rates|002|Commercial|253425.0|http://www.chirunducouncil.gov.zm/wp-content/uploads/2025/11/Chirundu-2025-OBB-Annual-Budget-Final-K103.9-million...pdf|3|
2025|Local taxes/rates|004|Hospitality|294521.0|http://www.chirunducouncil.gov.zm/wp-content/uploads/2025/11/Chirundu-2025-OBB-Annual-Budget-Final-K103.9-million...pdf|3|
2025|Local taxes/rates|001|Personal levy|45000.0|http://www.chirunducouncil.gov.zm/wp-content/uploads/2025/11/Chirundu-2025-OBB-Annual-Budget-Final-K103.9-million...pdf|3|
2025|Fees and Charges|002|Survey fees|28600.0|http://www.chirunducouncil.gov.zm/wp-content/uploads/2025/11/Chirundu-2025-OBB-Annual-Budget-Final-K103.9-million...pdf|3|
2025|Fees and Charges|003|Building inspection-fees|20000.0|http://www.chirunducouncil.gov.zm/wp-content/uploads/2025/11/Chirundu-2025-OBB-Annual-Budget-Final-K103.9-million...pdf|3|
2025|Fees and Charges|004|Plan scrutiny fee|50041.0|http://www.chirunducouncil.gov.zm/wp-content/uploads/2025/11/Chirundu-2025-OBB-Annual-Budget-Final-K103.9-million...pdf|3|
2025|Fees and Charges|005|Change of premise use|27800.0|http://www.chirunducouncil.gov.zm/wp-content/uploads/2025/11/Chirundu-2025-OBB-Annual-Budget-Final-K103.9-million...pdf|3|
2025|Fees and Charges|007|Rentals/lease of Council’s properties|9100.0|http://www.chirunducouncil.gov.zm/wp-content/uploads/2025/11/Chirundu-2025-OBB-Annual-Budget-Final-K103.9-million...pdf|3|
2025|Fees and Charges|011|Search fees|500.0|http://www.chirunducouncil.gov.zm/wp-content/uploads/2025/11/Chirundu-2025-OBB-Annual-Budget-Final-K103.9-million...pdf|3|
2025|Fees and Charges|012|Notice board advert fees|3000.0|http://www.chirunducouncil.gov.zm/wp-content/uploads/2025/11/Chirundu-2025-OBB-Annual-Budget-Final-K103.9-million...pdf|3|
2025|Fees and Charges|013|Market fees|50206.0|http://www.chirunducouncil.gov.zm/wp-content/uploads/2025/11/Chirundu-2025-OBB-Annual-Budget-Final-K103.9-million...pdf|3|
2025|Fees and Charges|014|Parking fees|28078895.0|http://www.chirunducouncil.gov.zm/wp-content/uploads/2025/11/Chirundu-2025-OBB-Annual-Budget-Final-K103.9-million...pdf|3|
2025|Fees and Charges|016|Loading fees (buses, trucks, trains, taxies etc.)|31500.0|http://www.chirunducouncil.gov.zm/wp-content/uploads/2025/11/Chirundu-2025-OBB-Annual-Budget-Final-K103.9-million...pdf|3|
2025|Fees and Charges|020|Hire of halls|10000.0|http://www.chirunducouncil.gov.zm/wp-content/uploads/2025/11/Chirundu-2025-OBB-Annual-Budget-Final-K103.9-million...pdf|3|
2025|Fees and Charges|033|Refuse disposal|200000.0|http://www.chirunducouncil.gov.zm/wp-content/uploads/2025/11/Chirundu-2025-OBB-Annual-Budget-Final-K103.9-million...pdf|3|
2025|Fees and Charges|045|Notice of marriage fees|20000.0|http://www.chirunducouncil.gov.zm/wp-content/uploads/2025/11/Chirundu-2025-OBB-Annual-Budget-Final-K103.9-million...pdf|3|
2025|Fees and Charges|047|Registration of clubs and societies|11600.0|http://www.chirunducouncil.gov.zm/wp-content/uploads/2025/11/Chirundu-2025-OBB-Annual-Budget-Final-K103.9-million...pdf|3|
2025|Fees and Charges|059|Land Record|10000.0|http://www.chirunducouncil.gov.zm/wp-content/uploads/2025/11/Chirundu-2025-OBB-Annual-Budget-Final-K103.9-million...pdf|3|
2025|Fees and Charges|063|Billboards and banners|70000.0|http://www.chirunducouncil.gov.zm/wp-content/uploads/2025/11/Chirundu-2025-OBB-Annual-Budget-Final-K103.9-million...pdf|3|
2025|Fees and Charges|064|Hire of Transport and Equipment|250000.0|http://www.chirunducouncil.gov.zm/wp-content/uploads/2025/11/Chirundu-2025-OBB-Annual-Budget-Final-K103.9-million...pdf|3|
2025|Fees and Charges|066|Penalties|30000.0|http://www.chirunducouncil.gov.zm/wp-content/uploads/2025/11/Chirundu-2025-OBB-Annual-Budget-Final-K103.9-million...pdf|3|
2025|Fees and Charges|067|Ablution Fee|80000.0|http://www.chirunducouncil.gov.zm/wp-content/uploads/2025/11/Chirundu-2025-OBB-Annual-Budget-Final-K103.9-million...pdf|3|
2025|Fees and Charges|072|Booth fees|50000.0|http://www.chirunducouncil.gov.zm/wp-content/uploads/2025/11/Chirundu-2025-OBB-Annual-Budget-Final-K103.9-million...pdf|3|
2025|Fees and Charges|082|Telecommunication site rentals|35000.0|http://www.chirunducouncil.gov.zm/wp-content/uploads/2025/11/Chirundu-2025-OBB-Annual-Budget-Final-K103.9-million...pdf|3|
2025|Fees and Charges|099|Other fees and charges|75500.0|http://www.chirunducouncil.gov.zm/wp-content/uploads/2025/11/Chirundu-2025-OBB-Annual-Budget-Final-K103.9-million...pdf|3|
2025|Licenses|001|Occupancy licence|14500.0|http://www.chirunducouncil.gov.zm/wp-content/uploads/2025/11/Chirundu-2025-OBB-Annual-Budget-Final-K103.9-million...pdf|3|
2025|Licenses|002|Liquor licence|200000.0|http://www.chirunducouncil.gov.zm/wp-content/uploads/2025/11/Chirundu-2025-OBB-Annual-Budget-Final-K103.9-million...pdf|3|
2025|Licenses|003|Firearm and ammunition licence|25980.0|http://www.chirunducouncil.gov.zm/wp-content/uploads/2025/11/Chirundu-2025-OBB-Annual-Budget-Final-K103.9-million...pdf|3|
2025|Licenses|004|Petroleum Storage licence|162000.0|http://www.chirunducouncil.gov.zm/wp-content/uploads/2025/11/Chirundu-2025-OBB-Annual-Budget-Final-K103.9-million...pdf|3|
2025|Licenses|005|Dog licence|8000.0|http://www.chirunducouncil.gov.zm/wp-content/uploads/2025/11/Chirundu-2025-OBB-Annual-Budget-Final-K103.9-million...pdf|3|
2025|Licenses|099|Other Licences|95000.0|http://www.chirunducouncil.gov.zm/wp-content/uploads/2025/11/Chirundu-2025-OBB-Annual-Budget-Final-K103.9-million...pdf|3|
2025|Levies|001|Livestock Movement levy|65649.0|http://www.chirunducouncil.gov.zm/wp-content/uploads/2025/11/Chirundu-2025-OBB-Annual-Budget-Final-K103.9-million...pdf|4|
2025|Levies|003|Fish levy|10000.0|http://www.chirunducouncil.gov.zm/wp-content/uploads/2025/11/Chirundu-2025-OBB-Annual-Budget-Final-K103.9-million...pdf|4|
2025|Levies|004|Pole levy|1500.0|http://www.chirunducouncil.gov.zm/wp-content/uploads/2025/11/Chirundu-2025-OBB-Annual-Budget-Final-K103.9-million...pdf|4|
2025|Levies|005|Charcoal levy|70000.0|http://www.chirunducouncil.gov.zm/wp-content/uploads/2025/11/Chirundu-2025-OBB-Annual-Budget-Final-K103.9-million...pdf|4|
2025|Levies|006|Sand levy|30739.0|http://www.chirunducouncil.gov.zm/wp-content/uploads/2025/11/Chirundu-2025-OBB-Annual-Budget-Final-K103.9-million...pdf|4|
2025|Levies|010|Timber Levy|1000.0|http://www.chirunducouncil.gov.zm/wp-content/uploads/2025/11/Chirundu-2025-OBB-Annual-Budget-Final-K103.9-million...pdf|4|
2025|Levies|099|Other levies|52499.0|http://www.chirunducouncil.gov.zm/wp-content/uploads/2025/11/Chirundu-2025-OBB-Annual-Budget-Final-K103.9-million...pdf|4|
2025|Permits|001|Health permits|500000.0|http://www.chirunducouncil.gov.zm/wp-content/uploads/2025/11/Chirundu-2025-OBB-Annual-Budget-Final-K103.9-million...pdf|4|
2025|Permits|002|Permit for opaque beer|113600.0|http://www.chirunducouncil.gov.zm/wp-content/uploads/2025/11/Chirundu-2025-OBB-Annual-Budget-Final-K103.9-million...pdf|4|
2025|Permits|003|Herbalist permit|480.0|http://www.chirunducouncil.gov.zm/wp-content/uploads/2025/11/Chirundu-2025-OBB-Annual-Budget-Final-K103.9-million...pdf|4|
2025|Permits|008|Burial permits and grave sites|20000.0|http://www.chirunducouncil.gov.zm/wp-content/uploads/2025/11/Chirundu-2025-OBB-Annual-Budget-Final-K103.9-million...pdf|4|
2025|Permits|009|Fire certificate|400000.0|http://www.chirunducouncil.gov.zm/wp-content/uploads/2025/11/Chirundu-2025-OBB-Annual-Budget-Final-K103.9-million...pdf|4|
2025|Permits|010|Extension of Business hours permits|1500000.0|http://www.chirunducouncil.gov.zm/wp-content/uploads/2025/11/Chirundu-2025-OBB-Annual-Budget-Final-K103.9-million...pdf|4|
2025|Permits|011|Social gathering permit|3750.0|http://www.chirunducouncil.gov.zm/wp-content/uploads/2025/11/Chirundu-2025-OBB-Annual-Budget-Final-K103.9-million...pdf|4|
2025|Permits|099|Primary, Secondary and Tertiary permits|23750.0|http://www.chirunducouncil.gov.zm/wp-content/uploads/2025/11/Chirundu-2025-OBB-Annual-Budget-Final-K103.9-million...pdf|4|
2025|Charges|001|Service Charges Residential plots|20000.0|http://www.chirunducouncil.gov.zm/wp-content/uploads/2025/11/Chirundu-2025-OBB-Annual-Budget-Final-K103.9-million...pdf|4|
2025|Charges|002|Service Charges Industrial plots|10000.0|http://www.chirunducouncil.gov.zm/wp-content/uploads/2025/11/Chirundu-2025-OBB-Annual-Budget-Final-K103.9-million...pdf|4|
2025|Other Incomes|002|Surplus/ Deficit from Commercial Ventures|1000000.0|http://www.chirunducouncil.gov.zm/wp-content/uploads/2025/11/Chirundu-2025-OBB-Annual-Budget-Final-K103.9-million...pdf|4|
2025|Other Incomes|099|Other Income|309765.0|http://www.chirunducouncil.gov.zm/wp-content/uploads/2025/11/Chirundu-2025-OBB-Annual-Budget-Final-K103.9-million...pdf|4|
2025|National Support (Grants)|001|Constituency Development Fund|36058151.0|http://www.chirunducouncil.gov.zm/wp-content/uploads/2025/11/Chirundu-2025-OBB-Annual-Budget-Final-K103.9-million...pdf|4|
2025|National Support (Grants)|002|Roads Grant|3200587.0|http://www.chirunducouncil.gov.zm/wp-content/uploads/2025/11/Chirundu-2025-OBB-Annual-Budget-Final-K103.9-million...pdf|4|
2025|National Support (Grants)|004|Local Government Equalisation Fund|8400000.0|http://www.chirunducouncil.gov.zm/wp-content/uploads/2025/11/Chirundu-2025-OBB-Annual-Budget-Final-K103.9-million...pdf|4|
2025|National Support (Grants)|005|Grants in lieu of Rates|150000.0|http://www.chirunducouncil.gov.zm/wp-content/uploads/2025/11/Chirundu-2025-OBB-Annual-Budget-Final-K103.9-million...pdf|4|
2025|National Support (Grants)|099|Other Grants|13205708.0|http://www.chirunducouncil.gov.zm/wp-content/uploads/2025/11/Chirundu-2025-OBB-Annual-Budget-Final-K103.9-million...pdf|4|
2025||002|Capital Grant Credit ($300k)|8340000.0|http://www.chirunducouncil.gov.zm/wp-content/uploads/2025/11/Chirundu-2025-OBB-Annual-Budget-Final-K103.9-million...pdf|4|Description transcribed from the page image because PDF text extraction omitted it. Category name is blank in the source.
2026|Local taxes/rates|001|Residential|202069.0|http://www.chirunducouncil.gov.zm/wp-content/uploads/2026/02/2026-OBB-Budget-K112.4Mn-Chirundu-Town-Council.pdf|3|
2026|Local taxes/rates|002|Commercial|547946.0|http://www.chirunducouncil.gov.zm/wp-content/uploads/2026/02/2026-OBB-Budget-K112.4Mn-Chirundu-Town-Council.pdf|3|
2026|Local taxes/rates|001|Personal levy|45000.0|http://www.chirunducouncil.gov.zm/wp-content/uploads/2026/02/2026-OBB-Budget-K112.4Mn-Chirundu-Town-Council.pdf|3|
2026|Fees and Charges|002|Survey fees|7300.0|http://www.chirunducouncil.gov.zm/wp-content/uploads/2026/02/2026-OBB-Budget-K112.4Mn-Chirundu-Town-Council.pdf|3|
2026|Fees and Charges|003|Building inspection-fees|20000.0|http://www.chirunducouncil.gov.zm/wp-content/uploads/2026/02/2026-OBB-Budget-K112.4Mn-Chirundu-Town-Council.pdf|3|
2026|Fees and Charges|004|Plan scrutiny fee|15000.0|http://www.chirunducouncil.gov.zm/wp-content/uploads/2026/02/2026-OBB-Budget-K112.4Mn-Chirundu-Town-Council.pdf|3|
2026|Fees and Charges|005|Change of premise use|16800.0|http://www.chirunducouncil.gov.zm/wp-content/uploads/2026/02/2026-OBB-Budget-K112.4Mn-Chirundu-Town-Council.pdf|3|
2026|Fees and Charges|006|Container/Ntemba fees|25000.0|http://www.chirunducouncil.gov.zm/wp-content/uploads/2026/02/2026-OBB-Budget-K112.4Mn-Chirundu-Town-Council.pdf|3|
2026|Fees and Charges|007|Rentals/lease of Council’s properties|624000.0|http://www.chirunducouncil.gov.zm/wp-content/uploads/2026/02/2026-OBB-Budget-K112.4Mn-Chirundu-Town-Council.pdf|3|
2026|Fees and Charges|008|Non-Land Application forms fees|100.0|http://www.chirunducouncil.gov.zm/wp-content/uploads/2026/02/2026-OBB-Budget-K112.4Mn-Chirundu-Town-Council.pdf|3|
2026|Fees and Charges|011|Search fees|500.0|http://www.chirunducouncil.gov.zm/wp-content/uploads/2026/02/2026-OBB-Budget-K112.4Mn-Chirundu-Town-Council.pdf|3|
2026|Fees and Charges|012|Notice board advert fees|35100.0|http://www.chirunducouncil.gov.zm/wp-content/uploads/2026/02/2026-OBB-Budget-K112.4Mn-Chirundu-Town-Council.pdf|3|
2026|Fees and Charges|013|Market fees|20000.0|http://www.chirunducouncil.gov.zm/wp-content/uploads/2026/02/2026-OBB-Budget-K112.4Mn-Chirundu-Town-Council.pdf|3|
2026|Fees and Charges|014|Parking fees|28007320.0|http://www.chirunducouncil.gov.zm/wp-content/uploads/2026/02/2026-OBB-Budget-K112.4Mn-Chirundu-Town-Council.pdf|3|
2026|Fees and Charges|016|Loading fees (buses, trucks, trains, taxies etc.)|39840.0|http://www.chirunducouncil.gov.zm/wp-content/uploads/2026/02/2026-OBB-Budget-K112.4Mn-Chirundu-Town-Council.pdf|3|
2026|Fees and Charges|020|Hire of halls|10000.0|http://www.chirunducouncil.gov.zm/wp-content/uploads/2026/02/2026-OBB-Budget-K112.4Mn-Chirundu-Town-Council.pdf|3|
2026|Fees and Charges|033|Refuse disposal|200000.0|http://www.chirunducouncil.gov.zm/wp-content/uploads/2026/02/2026-OBB-Budget-K112.4Mn-Chirundu-Town-Council.pdf|3|
2026|Fees and Charges|047|Registration of clubs and societies|20698.0|http://www.chirunducouncil.gov.zm/wp-content/uploads/2026/02/2026-OBB-Budget-K112.4Mn-Chirundu-Town-Council.pdf|3|
2026|Fees and Charges|063|Billboards and banners|40520.0|http://www.chirunducouncil.gov.zm/wp-content/uploads/2026/02/2026-OBB-Budget-K112.4Mn-Chirundu-Town-Council.pdf|3|
2026|Fees and Charges|064|Hire of Transport and Equipment|500000.0|http://www.chirunducouncil.gov.zm/wp-content/uploads/2026/02/2026-OBB-Budget-K112.4Mn-Chirundu-Town-Council.pdf|3|
2026|Fees and Charges|066|Penalties|36200.0|http://www.chirunducouncil.gov.zm/wp-content/uploads/2026/02/2026-OBB-Budget-K112.4Mn-Chirundu-Town-Council.pdf|3|
2026|Fees and Charges|067|Ablution Fee|40000.0|http://www.chirunducouncil.gov.zm/wp-content/uploads/2026/02/2026-OBB-Budget-K112.4Mn-Chirundu-Town-Council.pdf|3|
2026|Fees and Charges|082|Telecommunication site rentals|35000.0|http://www.chirunducouncil.gov.zm/wp-content/uploads/2026/02/2026-OBB-Budget-K112.4Mn-Chirundu-Town-Council.pdf|3|
2026|Fees and Charges|099|Other fees and charges|143350.0|http://www.chirunducouncil.gov.zm/wp-content/uploads/2026/02/2026-OBB-Budget-K112.4Mn-Chirundu-Town-Council.pdf|3|
2026|Licenses|001|Occupancy licence|10000.0|http://www.chirunducouncil.gov.zm/wp-content/uploads/2026/02/2026-OBB-Budget-K112.4Mn-Chirundu-Town-Council.pdf|3|
2026|Licenses|002|Liquor licence|400000.0|http://www.chirunducouncil.gov.zm/wp-content/uploads/2026/02/2026-OBB-Budget-K112.4Mn-Chirundu-Town-Council.pdf|3|
2026|Licenses|003|Firearm and ammunition licence|25980.0|http://www.chirunducouncil.gov.zm/wp-content/uploads/2026/02/2026-OBB-Budget-K112.4Mn-Chirundu-Town-Council.pdf|3|
2026|Licenses|004|Petroleum Storage licence|160500.0|http://www.chirunducouncil.gov.zm/wp-content/uploads/2026/02/2026-OBB-Budget-K112.4Mn-Chirundu-Town-Council.pdf|3|
2026|Licenses|005|Dog licence|8000.0|http://www.chirunducouncil.gov.zm/wp-content/uploads/2026/02/2026-OBB-Budget-K112.4Mn-Chirundu-Town-Council.pdf|3|
2026|Licenses|099|Other Licences|2500.0|http://www.chirunducouncil.gov.zm/wp-content/uploads/2026/02/2026-OBB-Budget-K112.4Mn-Chirundu-Town-Council.pdf|3|
2026|Levies|001|Livestock Movement levy|555000.0|http://www.chirunducouncil.gov.zm/wp-content/uploads/2026/02/2026-OBB-Budget-K112.4Mn-Chirundu-Town-Council.pdf|4|
2026|Levies|003|Fish levy|10000.0|http://www.chirunducouncil.gov.zm/wp-content/uploads/2026/02/2026-OBB-Budget-K112.4Mn-Chirundu-Town-Council.pdf|4|
2026|Levies|004|Pole levy|1500.0|http://www.chirunducouncil.gov.zm/wp-content/uploads/2026/02/2026-OBB-Budget-K112.4Mn-Chirundu-Town-Council.pdf|4|
2026|Levies|006|Sand levy|30739.0|http://www.chirunducouncil.gov.zm/wp-content/uploads/2026/02/2026-OBB-Budget-K112.4Mn-Chirundu-Town-Council.pdf|4|
2026|Levies|010|Timber Levy|50000.0|http://www.chirunducouncil.gov.zm/wp-content/uploads/2026/02/2026-OBB-Budget-K112.4Mn-Chirundu-Town-Council.pdf|4|
2026|Levies|021|Manufacturing|20615.0|http://www.chirunducouncil.gov.zm/wp-content/uploads/2026/02/2026-OBB-Budget-K112.4Mn-Chirundu-Town-Council.pdf|4|
2026|Permits|001|Health permits|795900.0|http://www.chirunducouncil.gov.zm/wp-content/uploads/2026/02/2026-OBB-Budget-K112.4Mn-Chirundu-Town-Council.pdf|4|
2026|Permits|003|Herbalist permit|2500.0|http://www.chirunducouncil.gov.zm/wp-content/uploads/2026/02/2026-OBB-Budget-K112.4Mn-Chirundu-Town-Council.pdf|4|
2026|Permits|005|Transportation of meat products|2500.0|http://www.chirunducouncil.gov.zm/wp-content/uploads/2026/02/2026-OBB-Budget-K112.4Mn-Chirundu-Town-Council.pdf|4|
2026|Permits|006|Transportation of opaque beer|113600.0|http://www.chirunducouncil.gov.zm/wp-content/uploads/2026/02/2026-OBB-Budget-K112.4Mn-Chirundu-Town-Council.pdf|4|
2026|Permits|008|Burial permits and grave sites|20000.0|http://www.chirunducouncil.gov.zm/wp-content/uploads/2026/02/2026-OBB-Budget-K112.4Mn-Chirundu-Town-Council.pdf|4|
2026|Permits|009|Fire certificate|600000.0|http://www.chirunducouncil.gov.zm/wp-content/uploads/2026/02/2026-OBB-Budget-K112.4Mn-Chirundu-Town-Council.pdf|4|
2026|Permits|010|Extension of Business hours permits|2752000.0|http://www.chirunducouncil.gov.zm/wp-content/uploads/2026/02/2026-OBB-Budget-K112.4Mn-Chirundu-Town-Council.pdf|4|
2026|Permits|011|Social gathering permit|3750.0|http://www.chirunducouncil.gov.zm/wp-content/uploads/2026/02/2026-OBB-Budget-K112.4Mn-Chirundu-Town-Council.pdf|4|
2026|Permits|099|Primary, Secondary and Tertiary permits|23750.0|http://www.chirunducouncil.gov.zm/wp-content/uploads/2026/02/2026-OBB-Budget-K112.4Mn-Chirundu-Town-Council.pdf|4|
2026|Charges|001|Service Charges Residential plots|10450.0|http://www.chirunducouncil.gov.zm/wp-content/uploads/2026/02/2026-OBB-Budget-K112.4Mn-Chirundu-Town-Council.pdf|4|
2026|Charges|002|Service Charges Industrial plots|25000.0|http://www.chirunducouncil.gov.zm/wp-content/uploads/2026/02/2026-OBB-Budget-K112.4Mn-Chirundu-Town-Council.pdf|4|
2026|Charges|004|Premium Plot Commercial|1000000.0|http://www.chirunducouncil.gov.zm/wp-content/uploads/2026/02/2026-OBB-Budget-K112.4Mn-Chirundu-Town-Council.pdf|4|
2026|Other Incomes|002|Surplus/ Deficit from Commercial Ventures|2200400.0|http://www.chirunducouncil.gov.zm/wp-content/uploads/2026/02/2026-OBB-Budget-K112.4Mn-Chirundu-Town-Council.pdf|4|
2026|National Support (Grants)|002|Roads Grant|6351370.0|http://www.chirunducouncil.gov.zm/wp-content/uploads/2026/02/2026-OBB-Budget-K112.4Mn-Chirundu-Town-Council.pdf|4|
2026|National Support (Grants)|007|Matching Grants|3613259.0|http://www.chirunducouncil.gov.zm/wp-content/uploads/2026/02/2026-OBB-Budget-K112.4Mn-Chirundu-Town-Council.pdf|4|
2026|National Support (Grants)|099|Other Grants|2931802.0|http://www.chirunducouncil.gov.zm/wp-content/uploads/2026/02/2026-OBB-Budget-K112.4Mn-Chirundu-Town-Council.pdf|4|
2026|Donor Support (Grants)|001|Devolution Capital Grant|11554159.0|http://www.chirunducouncil.gov.zm/wp-content/uploads/2026/02/2026-OBB-Budget-K112.4Mn-Chirundu-Town-Council.pdf|4|
2026|Local Development Fund|001|Constituency Development Fund|40032550.0|http://www.chirunducouncil.gov.zm/wp-content/uploads/2026/02/2026-OBB-Budget-K112.4Mn-Chirundu-Town-Council.pdf|5|
2026|Local Development Fund|002|LGEF|8400000.0|http://www.chirunducouncil.gov.zm/wp-content/uploads/2026/02/2026-OBB-Budget-K112.4Mn-Chirundu-Town-Council.pdf|5|
2026|Local Development Fund|003|Grant in Lieu of Rates|150000.0|http://www.chirunducouncil.gov.zm/wp-content/uploads/2026/02/2026-OBB-Budget-K112.4Mn-Chirundu-Town-Council.pdf|5|
