period_start|period_end|section|category|row_type|source_code|description|annual_budget_zmw|actual_to_date_zmw|reported_variance_zmw|performance_as_printed|source_url|source_page|notes
2025-01-01|2025-06-30|receipts|National Support|detail|1.1|Local Government Equalisation Fund|8399999.98|3056652.61|5343347.37|36%|http://www.chirunducouncil.gov.zm/wp-content/uploads/2025/12/2025-BI-ANNUAL-PERFORMANCE-REPORT.pdf|1|
2025-01-01|2025-06-30|receipts|National Support|detail|1.2|Grants In Lieu of Rates|150000.0|150000.0||100%|http://www.chirunducouncil.gov.zm/wp-content/uploads/2025/12/2025-BI-ANNUAL-PERFORMANCE-REPORT.pdf|1|
2025-01-01|2025-06-30|receipts|National Support|detail|1.3|Sector Grants|13205709.0|4697433.69|8508275.31|36%|http://www.chirunducouncil.gov.zm/wp-content/uploads/2025/12/2025-BI-ANNUAL-PERFORMANCE-REPORT.pdf|1|
2025-01-01|2025-06-30|receipts|National Support|detail|1.4|ZDSP Capital Grants|8340000.0||8340000.0|0%|http://www.chirunducouncil.gov.zm/wp-content/uploads/2025/12/2025-BI-ANNUAL-PERFORMANCE-REPORT.pdf|1|
2025-01-01|2025-06-30|receipts|National Support|detail|1.5|Constituency Development Fund|36058150.6|20287381.52|15770769.08|56%|http://www.chirunducouncil.gov.zm/wp-content/uploads/2025/12/2025-BI-ANNUAL-PERFORMANCE-REPORT.pdf|1|
2025-01-01|2025-06-30|receipts|National Support|detail|1.6|Other Grants|3200587.0||3200587.0|0%|http://www.chirunducouncil.gov.zm/wp-content/uploads/2025/12/2025-BI-ANNUAL-PERFORMANCE-REPORT.pdf|1|
2025-01-01|2025-06-30|receipts|National Support|subtotal||Sub - total|69354446.58|28191467.82|41162978.76|41%|http://www.chirunducouncil.gov.zm/wp-content/uploads/2025/12/2025-BI-ANNUAL-PERFORMANCE-REPORT.pdf|1|
2025-01-01|2025-06-30|receipts|Own Source Revenue|detail|2.1|Local Taxes|795014.43|274579.26|520435.17|35%|http://www.chirunducouncil.gov.zm/wp-content/uploads/2025/12/2025-BI-ANNUAL-PERFORMANCE-REPORT.pdf|1|
2025-01-01|2025-06-30|receipts|Own Source Revenue|detail|2.2|Fee & Charges|29171743.17|11372766.2|17798976.97|39%|http://www.chirunducouncil.gov.zm/wp-content/uploads/2025/12/2025-BI-ANNUAL-PERFORMANCE-REPORT.pdf|1|
2025-01-01|2025-06-30|receipts|Own Source Revenue|detail|2.3|Licences|505480.0|141606.0|363874.0|28%|http://www.chirunducouncil.gov.zm/wp-content/uploads/2025/12/2025-BI-ANNUAL-PERFORMANCE-REPORT.pdf|1|
2025-01-01|2025-06-30|receipts|Own Source Revenue|detail|2.4|Levies|231386.67|63477.5|167909.17|27%|http://www.chirunducouncil.gov.zm/wp-content/uploads/2025/12/2025-BI-ANNUAL-PERFORMANCE-REPORT.pdf|1|
2025-01-01|2025-06-30|receipts|Own Source Revenue|detail|2.5|Permits|2561580.0|1244991.2|1316588.8|49%|http://www.chirunducouncil.gov.zm/wp-content/uploads/2025/12/2025-BI-ANNUAL-PERFORMANCE-REPORT.pdf|1|
2025-01-01|2025-06-30|receipts|Own Source Revenue|detail|2.6|Commercial ventures|1000000.0||1000000.0|0%|http://www.chirunducouncil.gov.zm/wp-content/uploads/2025/12/2025-BI-ANNUAL-PERFORMANCE-REPORT.pdf|1|
2025-01-01|2025-06-30|receipts|Own Source Revenue|detail|2.7|Others OSR|309765.0|355200.0|-45435.1|115%|http://www.chirunducouncil.gov.zm/wp-content/uploads/2025/12/2025-BI-ANNUAL-PERFORMANCE-REPORT.pdf|1|Actual is printed as 355,200 with no cents; printed variance implies a 0.10 difference. Source figures retained.
2025-01-01|2025-06-30|receipts|Own Source Revenue|subtotal||Sub - total|34574969.27|13452620.26|21122349.01|39%|http://www.chirunducouncil.gov.zm/wp-content/uploads/2025/12/2025-BI-ANNUAL-PERFORMANCE-REPORT.pdf|1|
2025-01-01|2025-06-30|receipts|Other revenue|detail|4.1|Bank interest received||||#DIV/0!|http://www.chirunducouncil.gov.zm/wp-content/uploads/2025/12/2025-BI-ANNUAL-PERFORMANCE-REPORT.pdf|1|
2025-01-01|2025-06-30|receipts|Other revenue|detail|4.2|Borrowings - Loans||||#DIV/0!|http://www.chirunducouncil.gov.zm/wp-content/uploads/2025/12/2025-BI-ANNUAL-PERFORMANCE-REPORT.pdf|1|
2025-01-01|2025-06-30|receipts|Other revenue|detail|4.2|Borrowings - Overdraft||||#DIV/0!|http://www.chirunducouncil.gov.zm/wp-content/uploads/2025/12/2025-BI-ANNUAL-PERFORMANCE-REPORT.pdf|1|
2025-01-01|2025-06-30|receipts|Other revenue|detail|4.3|Others||||#DIV/0!|http://www.chirunducouncil.gov.zm/wp-content/uploads/2025/12/2025-BI-ANNUAL-PERFORMANCE-REPORT.pdf|1|
2025-01-01|2025-06-30|receipts|Other revenue|subtotal||Sub - total||||#DIV/0!|http://www.chirunducouncil.gov.zm/wp-content/uploads/2025/12/2025-BI-ANNUAL-PERFORMANCE-REPORT.pdf|1|
2025-01-01|2025-06-30|receipts||total||Total|103929415.85|41644088.08|62285327.77|0.40|http://www.chirunducouncil.gov.zm/wp-content/uploads/2025/12/2025-BI-ANNUAL-PERFORMANCE-REPORT.pdf|1|
2025-01-01|2025-06-30|payments||detail|1|Personal emoluments|21313109.1|10505097.94|10808011.16|49%|http://www.chirunducouncil.gov.zm/wp-content/uploads/2025/12/2025-BI-ANNUAL-PERFORMANCE-REPORT.pdf|1|
2025-01-01|2025-06-30|payments||detail|2|Use of goods and services|27592550.57|13771587.68|13820962.89|50%|http://www.chirunducouncil.gov.zm/wp-content/uploads/2025/12/2025-BI-ANNUAL-PERFORMANCE-REPORT.pdf|1|
2025-01-01|2025-06-30|payments||detail|3|Financial charges||||0%|http://www.chirunducouncil.gov.zm/wp-content/uploads/2025/12/2025-BI-ANNUAL-PERFORMANCE-REPORT.pdf|1|
2025-01-01|2025-06-30|payments||detail|4|Social benefits|18879509.22|9600022.19|9279487.03|51%|http://www.chirunducouncil.gov.zm/wp-content/uploads/2025/12/2025-BI-ANNUAL-PERFORMANCE-REPORT.pdf|1|
2025-01-01|2025-06-30|payments||detail|5|Non-financial assets|32426979.43|5564972.94|26862006.49|17%|http://www.chirunducouncil.gov.zm/wp-content/uploads/2025/12/2025-BI-ANNUAL-PERFORMANCE-REPORT.pdf|1|
2025-01-01|2025-06-30|payments||detail|6|Financial assets|3717267.52|4391251.0|-673983.48|118%|http://www.chirunducouncil.gov.zm/wp-content/uploads/2025/12/2025-BI-ANNUAL-PERFORMANCE-REPORT.pdf|1|
2025-01-01|2025-06-30|payments||detail|7|Loan repayments||||0%|http://www.chirunducouncil.gov.zm/wp-content/uploads/2025/12/2025-BI-ANNUAL-PERFORMANCE-REPORT.pdf|1|
2025-01-01|2025-06-30|payments||detail|8|Other repayments||||0%|http://www.chirunducouncil.gov.zm/wp-content/uploads/2025/12/2025-BI-ANNUAL-PERFORMANCE-REPORT.pdf|1|
2025-01-01|2025-06-30|payments||total||Total payments|103929415.85|43832931.75|60096484.1|42%|http://www.chirunducouncil.gov.zm/wp-content/uploads/2025/12/2025-BI-ANNUAL-PERFORMANCE-REPORT.pdf|1|
2025-01-01|2025-06-30|net balance||balance||Net Budget Performance|0.01|-2188843.67|2188843.68|-42307627130%|http://www.chirunducouncil.gov.zm/wp-content/uploads/2025/12/2025-BI-ANNUAL-PERFORMANCE-REPORT.pdf|1|The source prints a 0.01 net budget and an anomalous percentage. Do not interpret that percentage as meaningful performance.
